-- Especialidad

INSERT INTO public.especialidad (k_especialidad, n_nombre) VALUES
(1, 'Medicina General'),
(2, 'Cardiología'),
(3, 'Dermatología'),
(4, 'Gastroenterología'),
(5, 'Endocrinología'),
(6, 'Neurología'),
(7, 'Psiquiatría'),
(8, 'Pediatría'),
(9, 'Cirugía General'),
(10, 'Urología'),
(11, 'Oftalmología'),
(12, 'Otorrino.'),
(13, 'Radiología'),
(14, 'Anestesiología'),
(15, 'Medicina Interna'),
(16, 'Infectología'),
(17, 'Reumatología'),
(18, 'Hematología'),
(19, 'Fisioterapia'),
(20, 'Nutrición-Dietética'),
(21, 'Enfermería'),
(22, 'Farmacología'),
(23, 'Psicología Clínica'),
(24, 'Terapia Ocupac.'),
(25, 'Logopedia'),
(26, 'Optometría'),
(27, 'Podología'),
(28, 'Med. del Trabajo'),
(29, 'Med. de Familia');


-- Categoría

INSERT INTO public.categoria (k_categoria, i_nombre, q_precio, q_multa) VALUES
(1, 'C', 50000.0, 10000.0),
(2, 'B', 30000.0, 5000.0),
(3, 'A', 20000.0, 2000.0);

-- Sede

INSERT INTO public.sede (k_sede, n_nombre, q_telefono, n_direccion) VALUES
(1, 'Sede Principal', CAST(FLOOR(RANDOM()*10000) AS INT), 'Calle Principal #123'),
(2, 'Sede Norte', CAST(FLOOR(RANDOM()*10000) AS INT), 'Avenida Norte #456'),
(3, 'Sede Sur', CAST(FLOOR(RANDOM()*10000) AS INT), 'Carrera Sur #789'),
(4, 'Sede Este', CAST(FLOOR(RANDOM()*10000) AS INT), 'Calle Este #987'),
(5, 'Sede Oeste', CAST(FLOOR(RANDOM()*10000) AS INT), 'Avenida Oeste #654'),
(6, 'Sede Central', CAST(FLOOR(RANDOM()*10000) AS INT), 'Centro #321'),
(7, 'Sede Occidental', CAST(FLOOR(RANDOM()*10000) AS INT), 'Carrera Occidental #567'),
(8, 'Sede Oriental', CAST(FLOOR(RANDOM()*10000) AS INT), 'Calle Oriental #234'),
(9, 'Sede Bella Vista', CAST(FLOOR(RANDOM()*10000) AS INT), 'Avenida Bella Vista #876'),
(10, 'Sede Alameda', CAST(FLOOR(RANDOM()*10000) AS INT), 'Alameda #543'),
(11, 'Sede Mirador', CAST(FLOOR(RANDOM()*10000) AS INT), 'Mirador #210'),
(12, 'Sede Montaña', CAST(FLOOR(RANDOM()*10000) AS INT), 'Calle Montaña #789'),
(13, 'Sede Mar', CAST(FLOOR(RANDOM()*10000) AS INT), 'Avenida Marítima #123'),
(14, 'Sede Forestal', CAST(FLOOR(RANDOM()*10000) AS INT), 'Bosque #456'),
(15, 'Sede Industrial', CAST(FLOOR(RANDOM()*10000) AS INT), 'Zona Industrial #789'),
(16, 'Sede Residencial', CAST(FLOOR(RANDOM()*10000) AS INT), 'Zona Residencial #321'),
(17, 'Sede Playa', CAST(FLOOR(RANDOM()*10000) AS INT), 'Playa #654'),
(18, 'Sede Parque', CAST(FLOOR(RANDOM()*10000) AS INT), 'Parque #987'),
(19, 'Sede Ciudadela', CAST(FLOOR(RANDOM()*10000) AS INT), 'Ciudadela #543'),
(20, 'Sede Central Park', CAST(FLOOR(RANDOM()*10000) AS INT), 'Central Park #210'),
(21, 'Sede Metropolitana', CAST(FLOOR(RANDOM()*10000) AS INT), 'Área Metropolitana #876'),
(22, 'Sede Colina', CAST(FLOOR(RANDOM()*10000) AS INT), 'Colina #789'),
(23, 'Sede Pueblo Nuevo', CAST(FLOOR(RANDOM()*10000) AS INT), 'Pueblo Nuevo #321'),
(24, 'Sede San Juan', CAST(FLOOR(RANDOM()*10000) AS INT), 'San Juan #654'),
(25, 'Sede San Pedro', CAST(FLOOR(RANDOM()*10000) AS INT), 'San Pedro #987'),
(26, 'Sede San Pablo', CAST(FLOOR(RANDOM()*10000) AS INT), 'San Pablo #210'),
(27, 'Sede San Jorge', CAST(FLOOR(RANDOM()*10000) AS INT), 'San Jorge #876'),
(28, 'Sede San Nicolás', CAST(FLOOR(RANDOM()*10000) AS INT), 'San Nicolás #543'),
(29, 'Sede San Martín', CAST(FLOOR(RANDOM()*10000) AS INT), 'San Martín #210'),
(30, 'Sede San Fernando', CAST(FLOOR(RANDOM()*10000) AS INT), 'San Fernando #543');

-- Consultorios
INSERT INTO public.consultorio (k_consultorio, k_sede) VALUES
(101, 1),
(102, 1),
(103, 1),
(104, 1),
(105, 1),
(201, 1),
(202, 1),
(203, 1),
(204, 1),
(205, 1),
(301, 1),
(302, 1),
(303, 1),
(304, 1),
(305, 1),
(401, 1),
(402, 1),
(403, 1),
(404, 1),
(405, 1),
(501, 1),
(502, 1),
(503, 1),
(504, 1),
(505, 1),
(101, 2),
(102, 2),
(103, 2),
(104, 2),
(105, 2),
(201, 2),
(202, 2),
(203, 2),
(204, 2),
(205, 2),
(301, 2),
(302, 2),
(303, 2),
(304, 2),
(305, 2),
(401, 2),
(402, 2),
(403, 2),
(404, 2),
(405, 2),
(501, 2),
(502, 2),
(503, 2),
(504, 2),
(505, 2),
(101, 3),
(102, 3),
(103, 3),
(104, 3),
(105, 3),
(201, 3),
(202, 3),
(203, 3),
(204, 3),
(205, 3),
(301, 3),
(302, 3),
(303, 3),
(304, 3),
(305, 3),
(401, 3),
(402, 3),
(403, 3),
(404, 3),
(405, 3),
(501, 3),
(502, 3),
(503, 3),
(504, 3),
(505, 3),
(101, 4),
(102, 4),
(103, 4),
(104, 4),
(105, 4),
(201, 4),
(202, 4),
(203, 4),
(204, 4),
(205, 4),
(301, 4),
(302, 4),
(303, 4),
(304, 4),
(305, 4),
(401, 4),
(402, 4),
(403, 4),
(404, 4),
(405, 4),
(501, 4),
(502, 4),
(503, 4),
(504, 4),
(505, 4),
(101, 5),
(102, 5),
(103, 5),
(104, 5),
(105, 5),
(201, 5),
(202, 5),
(203, 5),
(204, 5),
(205, 5),
(301, 5),
(302, 5),
(303, 5),
(304, 5),
(305, 5),
(401, 5),
(402, 5),
(403, 5),
(404, 5),
(405, 5),
(501, 5),
(502, 5),
(503, 5),
(504, 5),
(505, 5);